ID,Name,Email,Region
5,Liam Rossi,liam4@example.com,Europe
12,Olivia Thomas,olivia11@example.com,Europe
22,Lucas Harris,lucas21@example.com,Europe
25,Bob Johnson,bob24@example.com,Europe
26,Amelia Ali,amelia25@example.com,Europe
44,Fatima Martin,fatima43@example.com,Europe
46,Mason Thompson,mason45@example.com,Europe
47,Emma Johnson,emma46@example.com,Europe
61,Hiroshi Brown,hiroshi60@example.com,Europe
65,Logan Ali,logan64@example.com,Europe
96,Amelia Jackson,amelia95@example.com,Europe
100,Carlos Ali,carlos99@example.com,Europe
106,James Wilson,james105@example.com,Europe
108,Amelia Martin,amelia107@example.com,Europe
111,Amelia Taylor,amelia110@example.com,Europe
113,Noah Martinez,noah112@example.com,Europe
145,Logan Ivanov,logan144@example.com,Europe
150,Mason Taylor,mason149@example.com,Europe
151,Logan Taylor,logan150@example.com,Europe
161,Lucas Martin,lucas160@example.com,Europe
162,Ethan Jackson,ethan161@example.com,Europe
186,Logan Garcia,logan185@example.com,Europe
189,Hiroshi Martin,hiroshi188@example.com,Europe
190,Amelia Harris,amelia189@example.com,Europe
216,Ava Chen,ava215@example.com,Europe
217,James Brown,james216@example.com,Europe
219,Hiroshi Ruiz,hiroshi218@example.com,Europe
229,Lucas Rossi,lucas228@example.com,Europe
233,Ethan Ali,ethan232@example.com,Europe
234,Fatima Ruiz,fatima233@example.com,Europe
237,George Tanaka,george236@example.com,Europe
245,Hiroshi Ivanov,hiroshi244@example.com,Europe
246,Fatima Chen,fatima245@example.com,Europe
247,Hiroshi Tanaka,hiroshi246@example.com,Europe
251,Sophia Wilson,sophia250@example.com,Europe
267,Emma Tanaka,emma266@example.com,Europe
275,Ethan Harris,ethan274@example.com,Europe
277,Noah Taylor,noah276@example.com,Europe
281,James Wilson,james280@example.com,Europe
282,Mason White,mason281@example.com,Europe
286,Hiroshi Brown,hiroshi285@example.com,Europe
292,Alice Ivanov,alice291@example.com,Europe
293,Bob Martin,bob292@example.com,Europe
297,Bob Ivanov,bob296@example.com,Europe
299,Noah White,noah298@example.com,Europe
302,Bob Ruiz,bob301@example.com,Europe
306,Alice Rossi,alice305@example.com,Europe
308,James White,james307@example.com,Europe
320,Fatima Tanaka,fatima319@example.com,Europe
323,Ethan White,ethan322@example.com,Europe
325,Hiroshi White,hiroshi324@example.com,Europe
328,Carlos Garcia,carlos327@example.com,Europe
332,Carlos Tanaka,carlos331@example.com,Europe
340,Carlos Harris,carlos339@example.com,Europe
343,Liam Anderson,liam342@example.com,Europe
356,Carlos Thompson,carlos355@example.com,Europe
366,Sophia Martinez,sophia365@example.com,Europe
369,Mason Anderson,mason368@example.com,Europe
371,Hiroshi Garcia,hiroshi370@example.com,Europe
387,Amelia Taylor,amelia386@example.com,Europe
388,Sophia Rossi,sophia387@example.com,Europe
389,James Brown,james388@example.com,Europe
397,Noah Wilson,noah396@example.com,Europe
403,Noah Anderson,noah402@example.com,Europe
406,Ava Tanaka,ava405@example.com,Europe
409,Bob Tanaka,bob408@example.com,Europe
411,Lucas Rossi,lucas410@example.com,Europe
421,Hiroshi Jackson,hiroshi420@example.com,Europe
435,Carlos Thompson,carlos434@example.com,Europe
448,Alice Thomas,alice447@example.com,Europe
455,Carlos Smith,carlos454@example.com,Europe
463,Ava White,ava462@example.com,Europe
468,Ava Martinez,ava467@example.com,Europe
469,Noah Garcia,noah468@example.com,Europe
486,Diana Harris,diana485@example.com,Europe
487,Diana Smith,diana486@example.com,Europe
496,Isabella Tanaka,isabella495@example.com,Europe
497,Ethan Taylor,ethan496@example.com,Europe
499,Emma Smith,emma498@example.com,Europe
513,Noah Brown,noah512@example.com,Europe
518,Logan Brown,logan517@example.com,Europe
519,Noah Thompson,noah518@example.com,Europe
526,Amelia Jackson,amelia525@example.com,Europe
536,Lucas Thomas,lucas535@example.com,Europe
544,Olivia Ivanov,olivia543@example.com,Europe
548,Bob Ruiz,bob547@example.com,Europe
551,Ethan Tanaka,ethan550@example.com,Europe
569,Isabella Garcia,isabella568@example.com,Europe
574,Liam Ali,liam573@example.com,Europe
580,James Ali,james579@example.com,Europe
581,Carlos Thompson,carlos580@example.com,Europe
584,Lucas Martinez,lucas583@example.com,Europe
588,Lucas Smith,lucas587@example.com,Europe
597,Fatima White,fatima596@example.com,Europe
598,Ethan Tanaka,ethan597@example.com,Europe
614,Amelia Ruiz,amelia613@example.com,Europe
619,Hiroshi Thomas,hiroshi618@example.com,Europe
631,Lucas Smith,lucas630@example.com,Europe
636,Sophia Rossi,sophia635@example.com,Europe
648,Amelia Anderson,amelia647@example.com,Europe
652,Lucas Jackson,lucas651@example.com,Europe
654,Fatima Ali,fatima653@example.com,Europe
657,Bob Garcia,bob656@example.com,Europe
684,Alice Harris,alice683@example.com,Europe
698,Sophia Thomas,sophia697@example.com,Europe
701,Mason Anderson,mason700@example.com,Europe
704,Ethan Martinez,ethan703@example.com,Europe
708,Fatima Taylor,fatima707@example.com,Europe
710,Noah Jackson,noah709@example.com,Europe
713,Alice Rossi,alice712@example.com,Europe
722,Carlos Wilson,carlos721@example.com,Europe
738,Noah Garcia,noah737@example.com,Europe
745,Emma Brown,emma744@example.com,Europe
746,James Harris,james745@example.com,Europe
749,Logan Martinez,logan748@example.com,Europe
753,Logan Brown,logan752@example.com,Europe
759,Hiroshi Ali,hiroshi758@example.com,Europe
761,Emma Thomas,emma760@example.com,Europe
763,Liam Garcia,liam762@example.com,Europe
765,Amelia Chen,amelia764@example.com,Europe
772,George Johnson,george771@example.com,Europe
774,Emma Ali,emma773@example.com,Europe
776,Emma White,emma775@example.com,Europe
780,Olivia Tanaka,olivia779@example.com,Europe
783,Fatima Chen,fatima782@example.com,Europe
784,Logan Ali,logan783@example.com,Europe
785,Sophia Smith,sophia784@example.com,Europe
786,Hiroshi Thomas,hiroshi785@example.com,Europe
790,Isabella Chen,isabella789@example.com,Europe
807,Ava Ruiz,ava806@example.com,Europe
809,Carlos Taylor,carlos808@example.com,Europe
810,Logan Rossi,logan809@example.com,Europe
812,Logan Smith,logan811@example.com,Europe
823,Sophia Ruiz,sophia822@example.com,Europe
845,Noah Garcia,noah844@example.com,Europe
849,Fatima Garcia,fatima848@example.com,Europe
878,Hiroshi Ali,hiroshi877@example.com,Europe
885,Carlos Harris,carlos884@example.com,Europe
890,Bob Brown,bob889@example.com,Europe
892,Diana White,diana891@example.com,Europe
899,Isabella Martin,isabella898@example.com,Europe
903,Isabella Chen,isabella902@example.com,Europe
912,Ethan Ruiz,ethan911@example.com,Europe
914,Ethan Jackson,ethan913@example.com,Europe
922,Emma Thompson,emma921@example.com,Europe
923,Mason Ivanov,mason922@example.com,Europe
924,Logan Tanaka,logan923@example.com,Europe
928,Isabella Brown,isabella927@example.com,Europe
930,Olivia Wilson,olivia929@example.com,Europe
940,Diana Smith,diana939@example.com,Europe
944,Amelia Garcia,amelia943@example.com,Europe
945,Amelia Wilson,amelia944@example.com,Europe
962,Fatima Harris,fatima961@example.com,Europe
967,Alice Jackson,alice966@example.com,Europe
978,Amelia Brown,amelia977@example.com,Europe
1001,Logan Thomas,logan1000@example.com,Europe
1002,Isabella White,isabella1001@example.com,Europe
1003,Sophia Taylor,sophia1002@example.com,Europe
1004,Ethan Jackson,ethan1003@example.com,Europe
1005,Liam Martin,liam1004@example.com,Europe
1006,Bob Martinez,bob1005@example.com,Europe
1007,Logan Smith,logan1006@example.com,Europe
1008,Diana Ruiz,diana1007@example.com,Europe
1009,Emma Martin,emma1008@example.com,Europe
1010,George Tanaka,george1009@example.com,Europe
1011,Logan Thompson,logan1010@example.com,Europe
1012,Alice Ali,alice1011@example.com,Europe
1013,Emma Martin,emma1012@example.com,Europe
1014,Bob Thompson,bob1013@example.com,Europe
1015,Liam Jackson,liam1014@example.com,Europe
1016,Isabella Martinez,isabella1015@example.com,Europe
1017,Amelia Brown,amelia1016@example.com,Europe
1018,Diana Brown,diana1017@example.com,Europe
1019,Logan Rossi,logan1018@example.com,Europe
1020,James Anderson,james1019@example.com,Europe
1021,Lucas Anderson,lucas1020@example.com,Europe
1022,Diana Thompson,diana1021@example.com,Europe
1023,Ava Brown,ava1022@example.com,Europe
1024,Carlos Anderson,carlos1023@example.com,Europe
1025,Bob Chen,bob1024@example.com,Europe
1026,Lucas Tanaka,lucas1025@example.com,Europe
1027,Ethan Garcia,ethan1026@example.com,Europe
1028,Sophia Taylor,sophia1027@example.com,Europe
1029,Sophia Harris,sophia1028@example.com,Europe
1030,Sophia Rossi,sophia1029@example.com,Europe
1031,Hiroshi Martinez,hiroshi1030@example.com,Europe
1032,Noah Anderson,noah1031@example.com,Europe
1033,George Brown,george1032@example.com,Europe
1034,George Harris,george1033@example.com,Europe
1035,Isabella Tanaka,isabella1034@example.com,Europe
1036,Ava White,ava1035@example.com,Europe
1037,George Martinez,george1036@example.com,Europe
1038,Emma Harris,emma1037@example.com,Europe
1039,Lucas Smith,lucas1038@example.com,Europe
1040,Emma Tanaka,emma1039@example.com,Europe
1041,Emma Harris,emma1040@example.com,Europe
1042,Isabella Smith,isabella1041@example.com,Europe
1043,Isabella Tanaka,isabella1042@example.com,Europe
1044,Lucas White,lucas1043@example.com,Europe
1045,Lucas Taylor,lucas1044@example.com,Europe
1046,Logan Martinez,logan1045@example.com,Europe
1047,Alice Martinez,alice1046@example.com,Europe
1048,Olivia Jackson,olivia1047@example.com,Europe
1049,Ava Martinez,ava1048@example.com,Europe
1050,Lucas Garcia,lucas1049@example.com,Europe
1051,Lucas Rossi,lucas1050@example.com,Europe
1052,James Taylor,james1051@example.com,Europe
1053,Liam Thomas,liam1052@example.com,Europe
1054,George White,george1053@example.com,Europe
1055,Bob Ali,bob1054@example.com,Europe
1056,Diana Martinez,diana1055@example.com,Europe
1057,Hiroshi Thomas,hiroshi1056@example.com,Europe
1058,Diana Thompson,diana1057@example.com,Europe
1059,Hiroshi Martin,hiroshi1058@example.com,Europe
1060,Olivia Ali,olivia1059@example.com,Europe
1061,Bob Wilson,bob1060@example.com,Europe
1062,Logan Chen,logan1061@example.com,Europe
1063,Lucas Anderson,lucas1062@example.com,Europe
1064,Logan Smith,logan1063@example.com,Europe
1065,Olivia Thompson,olivia1064@example.com,Europe
1066,Amelia Martinez,amelia1065@example.com,Europe
1067,Lucas Martinez,lucas1066@example.com,Europe
1068,Carlos Tanaka,carlos1067@example.com,Europe
1069,Fatima Rossi,fatima1068@example.com,Europe
1070,Isabella Brown,isabella1069@example.com,Europe
1071,Bob Harris,bob1070@example.com,Europe
1072,Ava Tanaka,ava1071@example.com,Europe
1073,George Johnson,george1072@example.com,Europe
1074,Mason Ali,mason1073@example.com,Europe
1075,George Ivanov,george1074@example.com,Europe
1076,Ava Taylor,ava1075@example.com,Europe
1077,Amelia Thompson,amelia1076@example.com,Europe
1078,Ava Garcia,ava1077@example.com,Europe
1079,George Martin,george1078@example.com,Europe
1080,Carlos Johnson,carlos1079@example.com,Europe
1081,Isabella Rossi,isabella1080@example.com,Europe
1082,Sophia Tanaka,sophia1081@example.com,Europe
1083,Fatima Ali,fatima1082@example.com,Europe
1084,Amelia Anderson,amelia1083@example.com,Europe
1085,Olivia Garcia,olivia1084@example.com,Europe
1086,George Smith,george1085@example.com,Europe
1087,Isabella Martin,isabella1086@example.com,Europe
1088,Carlos Tanaka,carlos1087@example.com,Europe
1089,Mason Tanaka,mason1088@example.com,Europe
1090,Logan Brown,logan1089@example.com,Europe
1091,Ethan Ivanov,ethan1090@example.com,Europe
1092,Diana White,diana1091@example.com,Europe
1093,Noah Brown,noah1092@example.com,Europe
1094,Amelia Harris,amelia1093@example.com,Europe
1095,George Thomas,george1094@example.com,Europe
1096,Carlos Thompson,carlos1095@example.com,Europe
1097,Liam Ivanov,liam1096@example.com,Europe
1098,Hiroshi Wilson,hiroshi1097@example.com,Europe
1099,Hiroshi Garcia,hiroshi1098@example.com,Europe
1100,James Martinez,james1099@example.com,Europe
1101,Logan Thomas,logan1100@example.com,Europe
1102,Isabella Thompson,isabella1101@example.com,Europe
1103,Diana Brown,diana1102@example.com,Europe
1104,Liam Martin,liam1103@example.com,Europe
1105,Carlos Martin,carlos1104@example.com,Europe
1106,Liam Martinez,liam1105@example.com,Europe
1107,Isabella Tanaka,isabella1106@example.com,Europe
1108,Isabella Wilson,isabella1107@example.com,Europe
1109,Amelia White,amelia1108@example.com,Europe
1110,Carlos Ivanov,carlos1109@example.com,Europe
1111,Emma Martin,emma1110@example.com,Europe
1112,Mason Tanaka,mason1111@example.com,Europe
1113,Amelia Brown,amelia1112@example.com,Europe
1114,Isabella Ruiz,isabella1113@example.com,Europe
1115,Liam Garcia,liam1114@example.com,Europe
1116,James Harris,james1115@example.com,Europe
1117,Bob Brown,bob1116@example.com,Europe
1118,Emma Thompson,emma1117@example.com,Europe
1119,James Taylor,james1118@example.com,Europe
1120,Alice Smith,alice1119@example.com,Europe
1121,Emma Ivanov,emma1120@example.com,Europe
1122,Emma Garcia,emma1121@example.com,Europe
1123,Amelia Thompson,amelia1122@example.com,Europe
1124,Carlos Taylor,carlos1123@example.com,Europe
1125,Isabella Brown,isabella1124@example.com,Europe
1126,Bob Jackson,bob1125@example.com,Europe
1127,Ethan Rossi,ethan1126@example.com,Europe
1128,Hiroshi Garcia,hiroshi1127@example.com,Europe
1129,Emma Garcia,emma1128@example.com,Europe
1130,Bob Taylor,bob1129@example.com,Europe
1131,Emma Taylor,emma1130@example.com,Europe
1132,Olivia Thomas,olivia1131@example.com,Europe
1133,George Thomas,george1132@example.com,Europe
1134,Mason Ivanov,mason1133@example.com,Europe
1135,Isabella Thomas,isabella1134@example.com,Europe
1136,Diana White,diana1135@example.com,Europe
1137,Hiroshi Garcia,hiroshi1136@example.com,Europe
1138,Sophia Ruiz,sophia1137@example.com,Europe
1139,Diana Harris,diana1138@example.com,Europe
1140,Ava Rossi,ava1139@example.com,Europe
1141,Amelia Anderson,amelia1140@example.com,Europe
1142,Olivia Martinez,olivia1141@example.com,Europe
1143,James Thompson,james1142@example.com,Europe
1144,Ethan Thompson,ethan1143@example.com,Europe
1145,Noah Martinez,noah1144@example.com,Europe
1146,Isabella Martinez,isabella1145@example.com,Europe
1147,Alice Wilson,alice1146@example.com,Europe
1148,Olivia Harris,olivia1147@example.com,Europe
1149,Diana Wilson,diana1148@example.com,Europe
1150,Amelia Ruiz,amelia1149@example.com,Europe
1151,Ethan Ruiz,ethan1150@example.com,Europe
1152,Fatima Taylor,fatima1151@example.com,Europe
1153,Olivia Brown,olivia1152@example.com,Europe
1154,Ethan White,ethan1153@example.com,Europe
1155,Diana Tanaka,diana1154@example.com,Europe
1156,Diana White,diana1155@example.com,Europe
1157,Isabella Jackson,isabella1156@example.com,Europe
1158,Bob White,bob1157@example.com,Europe
1159,Mason Smith,mason1158@example.com,Europe
1160,Ethan Wilson,ethan1159@example.com,Europe
1161,Hiroshi Wilson,hiroshi1160@example.com,Europe
1162,Sophia Wilson,sophia1161@example.com,Europe
1163,Mason Tanaka,mason1162@example.com,Europe
1164,Amelia Smith,amelia1163@example.com,Europe
1165,Bob Thomas,bob1164@example.com,Europe
1166,Alice Harris,alice1165@example.com,Europe
1167,Fatima Tanaka,fatima1166@example.com,Europe
1168,Noah Thompson,noah1167@example.com,Europe
1169,Olivia Martin,olivia1168@example.com,Europe
1170,Noah Thomas,noah1169@example.com,Europe
1171,George Thomas,george1170@example.com,Europe
1172,Fatima Garcia,fatima1171@example.com,Europe
1173,Diana Ruiz,diana1172@example.com,Europe
1174,Diana Brown,diana1173@example.com,Europe
1175,Olivia Martinez,olivia1174@example.com,Europe
1176,Fatima Wilson,fatima1175@example.com,Europe
1177,Alice Rossi,alice1176@example.com,Europe
1178,Noah White,noah1177@example.com,Europe
1179,Hiroshi Smith,hiroshi1178@example.com,Europe
1180,Hiroshi Anderson,hiroshi1179@example.com,Europe
1181,Amelia Jackson,amelia1180@example.com,Europe
1182,Isabella Rossi,isabella1181@example.com,Europe
1183,Isabella Thompson,isabella1182@example.com,Europe
1184,George Tanaka,george1183@example.com,Europe
1185,Diana Chen,diana1184@example.com,Europe
1186,Hiroshi Anderson,hiroshi1185@example.com,Europe
1187,Lucas Thompson,lucas1186@example.com,Europe
1188,Diana Harris,diana1187@example.com,Europe
1189,Liam Taylor,liam1188@example.com,Europe
1190,George Martin,george1189@example.com,Europe
1191,Isabella Harris,isabella1190@example.com,Europe
1192,Noah Thompson,noah1191@example.com,Europe
1193,Amelia Brown,amelia1192@example.com,Europe
1194,James Garcia,james1193@example.com,Europe
1195,Amelia Thomas,amelia1194@example.com,Europe
1196,Noah Rossi,noah1195@example.com,Europe
1197,Carlos Harris,carlos1196@example.com,Europe
1198,Diana Ali,diana1197@example.com,Europe
1199,Fatima Ali,fatima1198@example.com,Europe
1200,James Anderson,james1199@example.com,Europe
1201,Amelia Brown,amelia1200@example.com,Europe
1202,Isabella Anderson,isabella1201@example.com,Europe
1203,Olivia Thompson,olivia1202@example.com,Europe
1204,Amelia White,amelia1203@example.com,Europe
1205,Diana Harris,diana1204@example.com,Europe
1206,Ethan Martinez,ethan1205@example.com,Europe
1207,Carlos Anderson,carlos1206@example.com,Europe
1208,Ethan Martinez,ethan1207@example.com,Europe
1209,Ethan Ivanov,ethan1208@example.com,Europe
1210,Alice White,alice1209@example.com,Europe
1211,Mason Thompson,mason1210@example.com,Europe
1212,Lucas Johnson,lucas1211@example.com,Europe
1213,Alice Taylor,alice1212@example.com,Europe
1214,Olivia Ali,olivia1213@example.com,Europe
1215,Noah Jackson,noah1214@example.com,Europe
1216,Fatima White,fatima1215@example.com,Europe
1217,Noah Ivanov,noah1216@example.com,Europe
1218,Sophia Smith,sophia1217@example.com,Europe
1219,Isabella White,isabella1218@example.com,Europe
1220,George Ali,george1219@example.com,Europe
1221,Lucas Thomas,lucas1220@example.com,Europe
1222,Isabella Martinez,isabella1221@example.com,Europe
1223,Diana Thomas,diana1222@example.com,Europe
1224,Hiroshi Garcia,hiroshi1223@example.com,Europe
1225,Liam Harris,liam1224@example.com,Europe
1226,Alice Martin,alice1225@example.com,Europe
1227,Hiroshi Jackson,hiroshi1226@example.com,Europe
1228,Alice Harris,alice1227@example.com,Europe
1229,Logan Jackson,logan1228@example.com,Europe
1230,Ethan Johnson,ethan1229@example.com,Europe
1231,Carlos Anderson,carlos1230@example.com,Europe
1232,Sophia Ali,sophia1231@example.com,Europe
1233,Mason Jackson,mason1232@example.com,Europe
1234,Hiroshi Martinez,hiroshi1233@example.com,Europe
1235,Olivia Martinez,olivia1234@example.com,Europe
1236,Isabella Rossi,isabella1235@example.com,Europe
1237,George Tanaka,george1236@example.com,Europe
1238,Liam Martinez,liam1237@example.com,Europe
1239,Hiroshi Ivanov,hiroshi1238@example.com,Europe
1240,Amelia Martinez,amelia1239@example.com,Europe
1241,Emma Ruiz,emma1240@example.com,Europe
1242,Isabella Martin,isabella1241@example.com,Europe
1243,Noah Garcia,noah1242@example.com,Europe
1244,Liam Ali,liam1243@example.com,Europe
1245,Mason Ivanov,mason1244@example.com,Europe
1246,Diana Martin,diana1245@example.com,Europe
1247,Liam Wilson,liam1246@example.com,Europe
1248,Sophia Brown,sophia1247@example.com,Europe
1249,Mason White,mason1248@example.com,Europe
1250,Carlos Brown,carlos1249@example.com,Europe
1251,George Garcia,george1250@example.com,Europe
1252,Ava Smith,ava1251@example.com,Europe
1253,Alice Ali,alice1252@example.com,Europe
1254,Bob Thompson,bob1253@example.com,Europe
1255,Olivia Anderson,olivia1254@example.com,Europe
1256,Sophia Martin,sophia1255@example.com,Europe
1257,Bob Garcia,bob1256@example.com,Europe
1258,Diana Rossi,diana1257@example.com,Europe
1259,Lucas Johnson,lucas1258@example.com,Europe
1260,Fatima Tanaka,fatima1259@example.com,Europe
1261,Carlos Johnson,carlos1260@example.com,Europe
1262,Amelia Martinez,amelia1261@example.com,Europe
1263,Mason Thompson,mason1262@example.com,Europe
1264,Amelia Garcia,amelia1263@example.com,Europe
1265,Isabella Smith,isabella1264@example.com,Europe
1266,Noah Tanaka,noah1265@example.com,Europe
1267,Isabella Taylor,isabella1266@example.com,Europe
1268,Diana Smith,diana1267@example.com,Europe
1269,Amelia Rossi,amelia1268@example.com,Europe
1270,Liam Anderson,liam1269@example.com,Europe
1271,Olivia Ali,olivia1270@example.com,Europe
1272,Logan White,logan1271@example.com,Europe
1273,Bob Ruiz,bob1272@example.com,Europe
1274,Lucas Rossi,lucas1273@example.com,Europe
1275,James Taylor,james1274@example.com,Europe
1276,Isabella Thomas,isabella1275@example.com,Europe
1277,Ethan Thomas,ethan1276@example.com,Europe
1278,George Anderson,george1277@example.com,Europe
1279,Isabella White,isabella1278@example.com,Europe
1280,James Tanaka,james1279@example.com,Europe
1281,Diana White,diana1280@example.com,Europe
1282,Amelia Ruiz,amelia1281@example.com,Europe
1283,Liam Thomas,liam1282@example.com,Europe
1284,Logan Ruiz,logan1283@example.com,Europe
1285,Logan Ruiz,logan1284@example.com,Europe
1286,James Tanaka,james1285@example.com,Europe
1287,Logan Smith,logan1286@example.com,Europe
1288,George Anderson,george1287@example.com,Europe
1289,James Anderson,james1288@example.com,Europe
1290,Sophia Wilson,sophia1289@example.com,Europe
1291,Olivia Martinez,olivia1290@example.com,Europe
1292,Olivia Rossi,olivia1291@example.com,Europe
1293,Carlos White,carlos1292@example.com,Europe
1294,Ava Wilson,ava1293@example.com,Europe
1295,Sophia White,sophia1294@example.com,Europe
1296,George Smith,george1295@example.com,Europe
1297,George Garcia,george1296@example.com,Europe
1298,Lucas Harris,lucas1297@example.com,Europe
1299,Ethan Thompson,ethan1298@example.com,Europe
1300,Mason Anderson,mason1299@example.com,Europe
1301,Logan White,logan1300@example.com,Europe
1302,Lucas Tanaka,lucas1301@example.com,Europe
1303,Hiroshi Jackson,hiroshi1302@example.com,Europe
1304,George Ruiz,george1303@example.com,Europe
1305,Ava White,ava1304@example.com,Europe
1306,George Brown,george1305@example.com,Europe
1307,Alice Thomas,alice1306@example.com,Europe
1308,Mason Wilson,mason1307@example.com,Europe
1309,Lucas Tanaka,lucas1308@example.com,Europe
1310,Emma Chen,emma1309@example.com,Europe
1311,Lucas Johnson,lucas1310@example.com,Europe
1312,Diana Tanaka,diana1311@example.com,Europe
1313,Logan Martinez,logan1312@example.com,Europe
1314,Liam Thomas,liam1313@example.com,Europe
1315,Fatima Rossi,fatima1314@example.com,Europe
1316,Hiroshi Rossi,hiroshi1315@example.com,Europe
1317,Olivia Taylor,olivia1316@example.com,Europe
1318,Sophia Rossi,sophia1317@example.com,Europe
1319,Diana Brown,diana1318@example.com,Europe
1320,Carlos Garcia,carlos1319@example.com,Europe
1321,Emma Ali,emma1320@example.com,Europe
1322,Ava Smith,ava1321@example.com,Europe
1323,Mason Brown,mason1322@example.com,Europe
1324,Noah Martinez,noah1323@example.com,Europe
1325,Ava Martin,ava1324@example.com,Europe
1326,Fatima Smith,fatima1325@example.com,Europe
1327,Ethan Ivanov,ethan1326@example.com,Europe
1328,Olivia Thomas,olivia1327@example.com,Europe
1329,Diana Thomas,diana1328@example.com,Europe
1330,Alice White,alice1329@example.com,Europe
1331,Hiroshi Wilson,hiroshi1330@example.com,Europe
1332,Carlos Tanaka,carlos1331@example.com,Europe
1333,Liam Smith,liam1332@example.com,Europe
1334,Emma Martinez,emma1333@example.com,Europe
1335,Emma Brown,emma1334@example.com,Europe
1336,Hiroshi Thomas,hiroshi1335@example.com,Europe
1337,Fatima Jackson,fatima1336@example.com,Europe
1338,Liam Johnson,liam1337@example.com,Europe
1339,Noah Ruiz,noah1338@example.com,Europe
1340,Isabella Harris,isabella1339@example.com,Europe
1341,Mason Thomas,mason1340@example.com,Europe
1342,Alice Anderson,alice1341@example.com,Europe
1343,Alice Thompson,alice1342@example.com,Europe
1344,Emma Ivanov,emma1343@example.com,Europe
1345,Lucas Harris,lucas1344@example.com,Europe
1346,Hiroshi Jackson,hiroshi1345@example.com,Europe
1347,Carlos Tanaka,carlos1346@example.com,Europe
1348,Noah Wilson,noah1347@example.com,Europe
1349,George Martin,george1348@example.com,Europe
1350,Ava Thompson,ava1349@example.com,Europe
1351,Ava Ruiz,ava1350@example.com,Europe
1352,Alice Martinez,alice1351@example.com,Europe
1353,Diana Johnson,diana1352@example.com,Europe
1354,Ava Taylor,ava1353@example.com,Europe
1355,Noah Taylor,noah1354@example.com,Europe
1356,Hiroshi Anderson,hiroshi1355@example.com,Europe
1357,Amelia Anderson,amelia1356@example.com,Europe
1358,Lucas Garcia,lucas1357@example.com,Europe
1359,Ethan Taylor,ethan1358@example.com,Europe
1360,Ava Johnson,ava1359@example.com,Europe
1361,Liam Ali,liam1360@example.com,Europe
1362,Olivia Thompson,olivia1361@example.com,Europe
1363,Fatima Ali,fatima1362@example.com,Europe
1364,Lucas Wilson,lucas1363@example.com,Europe
1365,Fatima Wilson,fatima1364@example.com,Europe
1366,George Ruiz,george1365@example.com,Europe
1367,Liam Rossi,liam1366@example.com,Europe
1368,Bob Thomas,bob1367@example.com,Europe
1369,Lucas Anderson,lucas1368@example.com,Europe
1370,Ava Brown,ava1369@example.com,Europe
1371,Alice White,alice1370@example.com,Europe
1372,Fatima White,fatima1371@example.com,Europe
1373,Olivia Jackson,olivia1372@example.com,Europe
1374,Lucas Smith,lucas1373@example.com,Europe
1375,Noah Harris,noah1374@example.com,Europe
1376,Olivia Rossi,olivia1375@example.com,Europe
1377,Olivia Tanaka,olivia1376@example.com,Europe
1378,Emma Thomas,emma1377@example.com,Europe
1379,Diana Harris,diana1378@example.com,Europe
1380,James Tanaka,james1379@example.com,Europe
1381,Fatima Wilson,fatima1380@example.com,Europe
1382,Ethan Ali,ethan1381@example.com,Europe
1383,Sophia Ruiz,sophia1382@example.com,Europe
1384,George Ali,george1383@example.com,Europe
1385,Isabella Ali,isabella1384@example.com,Europe
1386,Olivia Brown,olivia1385@example.com,Europe
1387,Isabella Brown,isabella1386@example.com,Europe
1388,Noah White,noah1387@example.com,Europe
1389,Carlos Martin,carlos1388@example.com,Europe
1390,Mason Smith,mason1389@example.com,Europe
1391,Carlos Martinez,carlos1390@example.com,Europe
1392,Carlos Chen,carlos1391@example.com,Europe
1393,Alice Martin,alice1392@example.com,Europe
1394,Hiroshi Martinez,hiroshi1393@example.com,Europe
1395,Fatima Ali,fatima1394@example.com,Europe
1396,Emma Brown,emma1395@example.com,Europe
1397,Ava Rossi,ava1396@example.com,Europe
1398,Hiroshi Taylor,hiroshi1397@example.com,Europe
1399,Mason Harris,mason1398@example.com,Europe
1400,James Rossi,james1399@example.com,Europe
1401,Fatima Smith,fatima1400@example.com,Europe
1402,Sophia Thomas,sophia1401@example.com,Europe
1403,James Ivanov,james1402@example.com,Europe
1404,Diana White,diana1403@example.com,Europe
1405,Emma Ruiz,emma1404@example.com,Europe
1406,Lucas White,lucas1405@example.com,Europe
1407,Diana Wilson,diana1406@example.com,Europe
1408,Mason Wilson,mason1407@example.com,Europe
1409,Alice Rossi,alice1408@example.com,Europe
1410,Lucas Thompson,lucas1409@example.com,Europe
1411,Diana Taylor,diana1410@example.com,Europe
1412,Mason Thompson,mason1411@example.com,Europe
1413,Fatima Tanaka,fatima1412@example.com,Europe
1414,Alice Ruiz,alice1413@example.com,Europe
1415,Lucas White,lucas1414@example.com,Europe
1416,Mason Martin,mason1415@example.com,Europe
1417,Ava Ali,ava1416@example.com,Europe
1418,George Thompson,george1417@example.com,Europe
1419,Isabella Ivanov,isabella1418@example.com,Europe
1420,Carlos Chen,carlos1419@example.com,Europe
1421,Fatima Ivanov,fatima1420@example.com,Europe
1422,Olivia Chen,olivia1421@example.com,Europe
1423,Hiroshi Chen,hiroshi1422@example.com,Europe
1424,Noah Thompson,noah1423@example.com,Europe
1425,Sophia Jackson,sophia1424@example.com,Europe
1426,James Ali,james1425@example.com,Europe
1427,George Harris,george1426@example.com,Europe
1428,Amelia Harris,amelia1427@example.com,Europe
1429,Alice Thomas,alice1428@example.com,Europe
1430,James Ali,james1429@example.com,Europe
1431,James Ali,james1430@example.com,Europe
1432,Alice Garcia,alice1431@example.com,Europe
1433,Ava Ruiz,ava1432@example.com,Europe
1434,Carlos Jackson,carlos1433@example.com,Europe
1435,Sophia Ruiz,sophia1434@example.com,Europe
1436,Logan Taylor,logan1435@example.com,Europe
1437,Mason Smith,mason1436@example.com,Europe
1438,Isabella Harris,isabella1437@example.com,Europe
1439,Liam Garcia,liam1438@example.com,Europe
1440,Mason Thomas,mason1439@example.com,Europe
1441,Alice Martin,alice1440@example.com,Europe
1442,Bob Thompson,bob1441@example.com,Europe
1443,Alice Brown,alice1442@example.com,Europe
1444,James Jackson,james1443@example.com,Europe
1445,Noah Thomas,noah1444@example.com,Europe
1446,Hiroshi Johnson,hiroshi1445@example.com,Europe
1447,Lucas Chen,lucas1446@example.com,Europe
1448,Isabella Brown,isabella1447@example.com,Europe
1449,Noah Jackson,noah1448@example.com,Europe
1450,George Taylor,george1449@example.com,Europe
1451,Noah Johnson,noah1450@example.com,Europe
1452,Bob Garcia,bob1451@example.com,Europe
1453,Sophia Ivanov,sophia1452@example.com,Europe
1454,Olivia Brown,olivia1453@example.com,Europe
1455,Lucas Thomas,lucas1454@example.com,Europe
1456,Ethan Thompson,ethan1455@example.com,Europe
1457,Lucas Ruiz,lucas1456@example.com,Europe
1458,Ethan Tanaka,ethan1457@example.com,Europe
1459,Olivia Wilson,olivia1458@example.com,Europe
1460,James Ivanov,james1459@example.com,Europe
1461,Emma Brown,emma1460@example.com,Europe
1462,Hiroshi White,hiroshi1461@example.com,Europe
1463,Isabella Ali,isabella1462@example.com,Europe
1464,Liam Tanaka,liam1463@example.com,Europe
1465,James Tanaka,james1464@example.com,Europe
1466,Amelia White,amelia1465@example.com,Europe
1467,George Ivanov,george1466@example.com,Europe
1468,James Taylor,james1467@example.com,Europe
1469,Diana White,diana1468@example.com,Europe
1470,Ethan Martin,ethan1469@example.com,Europe
1471,George Martinez,george1470@example.com,Europe
1472,Alice Jackson,alice1471@example.com,Europe
1473,Ava Tanaka,ava1472@example.com,Europe
1474,Bob Martin,bob1473@example.com,Europe
1475,Isabella Chen,isabella1474@example.com,Europe
1476,Ava Jackson,ava1475@example.com,Europe
1477,Alice Ivanov,alice1476@example.com,Europe
1478,Amelia Anderson,amelia1477@example.com,Europe
1479,George Garcia,george1478@example.com,Europe
1480,Alice Anderson,alice1479@example.com,Europe
1481,Diana Anderson,diana1480@example.com,Europe
1482,Carlos Ivanov,carlos1481@example.com,Europe
1483,Alice Garcia,alice1482@example.com,Europe
1484,Olivia Brown,olivia1483@example.com,Europe
1485,Sophia Chen,sophia1484@example.com,Europe
1486,George Ali,george1485@example.com,Europe
1487,Lucas Harris,lucas1486@example.com,Europe
1488,Mason Rossi,mason1487@example.com,Europe
1489,Lucas Johnson,lucas1488@example.com,Europe
1490,Olivia Ruiz,olivia1489@example.com,Europe
1491,Isabella Chen,isabella1490@example.com,Europe
1492,Amelia Brown,amelia1491@example.com,Europe
1493,Ethan Rossi,ethan1492@example.com,Europe
1494,Carlos Wilson,carlos1493@example.com,Europe
1495,George Chen,george1494@example.com,Europe
1496,Alice Ruiz,alice1495@example.com,Europe
1497,Bob Ivanov,bob1496@example.com,Europe
1498,Hiroshi Thomas,hiroshi1497@example.com,Europe
1499,Lucas Taylor,lucas1498@example.com,Europe
1500,Alice Ali,alice1499@example.com,Europe
1501,James Martin,james1500@example.com,Europe
1502,Noah Taylor,noah1501@example.com,Europe
1503,James Ivanov,james1502@example.com,Europe
1504,Fatima Harris,fatima1503@example.com,Europe
1505,Liam Thompson,liam1504@example.com,Europe
1506,Noah Thompson,noah1505@example.com,Europe
1507,Ethan Ivanov,ethan1506@example.com,Europe
1508,Ava White,ava1507@example.com,Europe
1509,Bob Brown,bob1508@example.com,Europe
1510,Hiroshi Ruiz,hiroshi1509@example.com,Europe
1511,Fatima Garcia,fatima1510@example.com,Europe
1512,Fatima Jackson,fatima1511@example.com,Europe
1513,Hiroshi Martinez,hiroshi1512@example.com,Europe
1514,Amelia Brown,amelia1513@example.com,Europe
1515,Emma Martinez,emma1514@example.com,Europe
1516,Bob Martin,bob1515@example.com,Europe
1517,Logan Anderson,logan1516@example.com,Europe
1518,Fatima Tanaka,fatima1517@example.com,Europe
1519,Ethan Brown,ethan1518@example.com,Europe
1520,Ava Tanaka,ava1519@example.com,Europe
1521,George Smith,george1520@example.com,Europe
1522,Hiroshi Chen,hiroshi1521@example.com,Europe
1523,Amelia Taylor,amelia1522@example.com,Europe
1524,Alice Chen,alice1523@example.com,Europe
1525,Lucas Chen,lucas1524@example.com,Europe
1526,Amelia Anderson,amelia1525@example.com,Europe
1527,James White,james1526@example.com,Europe
1528,James Rossi,james1527@example.com,Europe
1529,Carlos Anderson,carlos1528@example.com,Europe
1530,Diana Rossi,diana1529@example.com,Europe
1531,Emma Tanaka,emma1530@example.com,Europe
1532,Carlos Garcia,carlos1531@example.com,Europe
1533,Fatima White,fatima1532@example.com,Europe
1534,Bob Smith,bob1533@example.com,Europe
1535,Emma Harris,emma1534@example.com,Europe
1536,Carlos Ruiz,carlos1535@example.com,Europe
1537,Bob Thomas,bob1536@example.com,Europe
1538,Hiroshi White,hiroshi1537@example.com,Europe
1539,Emma Garcia,emma1538@example.com,Europe
1540,Emma Anderson,emma1539@example.com,Europe
1541,Ethan Garcia,ethan1540@example.com,Europe
1542,Sophia Ivanov,sophia1541@example.com,Europe
1543,Amelia Rossi,amelia1542@example.com,Europe
1544,Diana Thomas,diana1543@example.com,Europe
1545,Emma Jackson,emma1544@example.com,Europe
1546,Amelia Garcia,amelia1545@example.com,Europe
1547,Logan Tanaka,logan1546@example.com,Europe
1548,James Brown,james1547@example.com,Europe
1549,Emma White,emma1548@example.com,Europe
1550,George Chen,george1549@example.com,Europe
1551,Bob Smith,bob1550@example.com,Europe
1552,Hiroshi Smith,hiroshi1551@example.com,Europe
1553,George White,george1552@example.com,Europe
1554,Diana Chen,diana1553@example.com,Europe
1555,Bob Smith,bob1554@example.com,Europe
1556,Lucas Martinez,lucas1555@example.com,Europe
1557,Hiroshi Garcia,hiroshi1556@example.com,Europe
1558,Diana Ali,diana1557@example.com,Europe
1559,Mason Brown,mason1558@example.com,Europe
1560,James Thompson,james1559@example.com,Europe
1561,Fatima Johnson,fatima1560@example.com,Europe
1562,Lucas Garcia,lucas1561@example.com,Europe
1563,James Taylor,james1562@example.com,Europe
1564,Hiroshi Harris,hiroshi1563@example.com,Europe
1565,Lucas Wilson,lucas1564@example.com,Europe
1566,Noah Johnson,noah1565@example.com,Europe
1567,Fatima Anderson,fatima1566@example.com,Europe
1568,Fatima Taylor,fatima1567@example.com,Europe
1569,Mason Martinez,mason1568@example.com,Europe
1570,Carlos Garcia,carlos1569@example.com,Europe
1571,Ava Ruiz,ava1570@example.com,Europe
1572,Logan Jackson,logan1571@example.com,Europe
1573,Amelia Rossi,amelia1572@example.com,Europe
1574,Hiroshi Garcia,hiroshi1573@example.com,Europe
1575,Alice Ali,alice1574@example.com,Europe
1576,Isabella Wilson,isabella1575@example.com,Europe
1577,Alice Johnson,alice1576@example.com,Europe
1578,Noah Chen,noah1577@example.com,Europe
1579,Hiroshi Thomas,hiroshi1578@example.com,Europe
1580,Bob Tanaka,bob1579@example.com,Europe
1581,Diana Garcia,diana1580@example.com,Europe
1582,Isabella White,isabella1581@example.com,Europe
1583,Carlos Ruiz,carlos1582@example.com,Europe
1584,Diana Ivanov,diana1583@example.com,Europe
1585,Hiroshi Garcia,hiroshi1584@example.com,Europe
1586,Diana White,diana1585@example.com,Europe
1587,Noah Ivanov,noah1586@example.com,Europe
1588,Logan Johnson,logan1587@example.com,Europe
1589,Amelia Taylor,amelia1588@example.com,Europe
1590,Sophia Ali,sophia1589@example.com,Europe
1591,Amelia Johnson,amelia1590@example.com,Europe
1592,Bob Johnson,bob1591@example.com,Europe
1593,Lucas Jackson,lucas1592@example.com,Europe
1594,Lucas Johnson,lucas1593@example.com,Europe
1595,Emma Ruiz,emma1594@example.com,Europe
1596,Lucas Ruiz,lucas1595@example.com,Europe
1597,Hiroshi Harris,hiroshi1596@example.com,Europe
1598,Bob Thompson,bob1597@example.com,Europe
1599,Isabella Wilson,isabella1598@example.com,Europe
1600,Emma Smith,emma1599@example.com,Europe
1601,Fatima Tanaka,fatima1600@example.com,Europe
1602,Carlos Harris,carlos1601@example.com,Europe
1603,Isabella Harris,isabella1602@example.com,Europe
1604,Hiroshi Rossi,hiroshi1603@example.com,Europe
1605,Fatima Thompson,fatima1604@example.com,Europe
1606,Amelia Johnson,amelia1605@example.com,Europe
1607,Diana Ali,diana1606@example.com,Europe
1608,Alice Martinez,alice1607@example.com,Europe
1609,Lucas Rossi,lucas1608@example.com,Europe
1610,Diana Tanaka,diana1609@example.com,Europe
1611,Olivia Jackson,olivia1610@example.com,Europe
1612,Logan White,logan1611@example.com,Europe
1613,Carlos Ali,carlos1612@example.com,Europe
1614,Lucas White,lucas1613@example.com,Europe
1615,Emma Wilson,emma1614@example.com,Europe
1616,Mason Ruiz,mason1615@example.com,Europe
1617,Ava Wilson,ava1616@example.com,Europe
1618,Isabella Ruiz,isabella1617@example.com,Europe
1619,Ethan Jackson,ethan1618@example.com,Europe
1620,Emma White,emma1619@example.com,Europe
1621,Ava Jackson,ava1620@example.com,Europe
1622,Ethan White,ethan1621@example.com,Europe
1623,Lucas Ali,lucas1622@example.com,Europe
1624,Noah Martinez,noah1623@example.com,Europe
1625,Isabella Anderson,isabella1624@example.com,Europe
1626,Mason Rossi,mason1625@example.com,Europe
1627,Lucas Johnson,lucas1626@example.com,Europe
1628,Amelia Anderson,amelia1627@example.com,Europe
1629,Carlos Ali,carlos1628@example.com,Europe
1630,Ethan Jackson,ethan1629@example.com,Europe
1631,Sophia Tanaka,sophia1630@example.com,Europe
1632,Diana Johnson,diana1631@example.com,Europe
1633,Carlos Martin,carlos1632@example.com,Europe
1634,Noah Ruiz,noah1633@example.com,Europe
1635,George Jackson,george1634@example.com,Europe
1636,Fatima Smith,fatima1635@example.com,Europe
1637,Mason Smith,mason1636@example.com,Europe
1638,Noah Chen,noah1637@example.com,Europe
1639,Lucas White,lucas1638@example.com,Europe
1640,James Ivanov,james1639@example.com,Europe
1641,Olivia Ivanov,olivia1640@example.com,Europe
1642,Liam Rossi,liam1641@example.com,Europe
1643,Sophia Ivanov,sophia1642@example.com,Europe
1644,Mason Brown,mason1643@example.com,Europe
1645,Liam Thompson,liam1644@example.com,Europe
1646,Olivia Thompson,olivia1645@example.com,Europe
1647,George Brown,george1646@example.com,Europe
1648,Ava Ruiz,ava1647@example.com,Europe
1649,Carlos Ivanov,carlos1648@example.com,Europe
1650,Ethan Smith,ethan1649@example.com,Europe
1651,Emma Jackson,emma1650@example.com,Europe
1652,Hiroshi Ruiz,hiroshi1651@example.com,Europe
1653,Mason Smith,mason1652@example.com,Europe
1654,James Wilson,james1653@example.com,Europe
1655,Diana Johnson,diana1654@example.com,Europe
1656,Liam Ivanov,liam1655@example.com,Europe
1657,Bob Ali,bob1656@example.com,Europe
1658,Logan Brown,logan1657@example.com,Europe
1659,Amelia Harris,amelia1658@example.com,Europe
1660,Diana Wilson,diana1659@example.com,Europe
1661,Isabella Ruiz,isabella1660@example.com,Europe
1662,Ava Brown,ava1661@example.com,Europe
1663,Isabella Thomas,isabella1662@example.com,Europe
1664,Isabella Anderson,isabella1663@example.com,Europe
1665,Olivia Ruiz,olivia1664@example.com,Europe
1666,Bob Johnson,bob1665@example.com,Europe
1667,Mason Ivanov,mason1666@example.com,Europe
1668,Mason Harris,mason1667@example.com,Europe
1669,James Garcia,james1668@example.com,Europe
1670,Olivia Brown,olivia1669@example.com,Europe
1671,Fatima Anderson,fatima1670@example.com,Europe
1672,Sophia Ruiz,sophia1671@example.com,Europe
1673,Ava Smith,ava1672@example.com,Europe
1674,Diana Ruiz,diana1673@example.com,Europe
1675,Noah Harris,noah1674@example.com,Europe
1676,George Johnson,george1675@example.com,Europe
1677,Lucas Tanaka,lucas1676@example.com,Europe
1678,Sophia Thompson,sophia1677@example.com,Europe
1679,Olivia Chen,olivia1678@example.com,Europe
1680,Logan Thompson,logan1679@example.com,Europe
1681,Logan Tanaka,logan1680@example.com,Europe
1682,Liam Ruiz,liam1681@example.com,Europe
1683,Noah Rossi,noah1682@example.com,Europe
1684,Isabella Thomas,isabella1683@example.com,Europe
1685,Diana Garcia,diana1684@example.com,Europe
1686,Lucas Garcia,lucas1685@example.com,Europe
1687,Diana Thomas,diana1686@example.com,Europe
1688,George Johnson,george1687@example.com,Europe
1689,Amelia Ruiz,amelia1688@example.com,Europe
1690,James Martinez,james1689@example.com,Europe
1691,Hiroshi Garcia,hiroshi1690@example.com,Europe
1692,Logan Smith,logan1691@example.com,Europe
1693,Carlos Thompson,carlos1692@example.com,Europe
1694,Liam Ruiz,liam1693@example.com,Europe
1695,Ethan Martin,ethan1694@example.com,Europe
1696,Logan Martin,logan1695@example.com,Europe
1697,Ethan Brown,ethan1696@example.com,Europe
1698,Ethan Ruiz,ethan1697@example.com,Europe
1699,Alice Garcia,alice1698@example.com,Europe
1700,Lucas Smith,lucas1699@example.com,Europe
1701,Ava Smith,ava1700@example.com,Europe
1702,Logan Thomas,logan1701@example.com,Europe
1703,Ethan Anderson,ethan1702@example.com,Europe
1704,James Rossi,james1703@example.com,Europe
1705,Hiroshi Smith,hiroshi1704@example.com,Europe
1706,Fatima Brown,fatima1705@example.com,Europe
1707,Noah Smith,noah1706@example.com,Europe
1708,Bob Brown,bob1707@example.com,Europe
1709,Liam Rossi,liam1708@example.com,Europe
1710,Amelia Garcia,amelia1709@example.com,Europe
1711,Carlos Ivanov,carlos1710@example.com,Europe
1712,George Johnson,george1711@example.com,Europe
1713,Logan Brown,logan1712@example.com,Europe
1714,Amelia Anderson,amelia1713@example.com,Europe
1715,Amelia Anderson,amelia1714@example.com,Europe
1716,Fatima Ivanov,fatima1715@example.com,Europe
1717,Alice Harris,alice1716@example.com,Europe
1718,Bob Thomas,bob1717@example.com,Europe
1719,Ava Ivanov,ava1718@example.com,Europe
1720,Mason Chen,mason1719@example.com,Europe
1721,Amelia Garcia,amelia1720@example.com,Europe
1722,Olivia Ali,olivia1721@example.com,Europe
1723,Mason Ruiz,mason1722@example.com,Europe
1724,Diana Smith,diana1723@example.com,Europe
1725,Bob Martinez,bob1724@example.com,Europe
1726,George Brown,george1725@example.com,Europe
1727,Amelia Taylor,amelia1726@example.com,Europe
1728,Olivia Smith,olivia1727@example.com,Europe
1729,Olivia Jackson,olivia1728@example.com,Europe
1730,Hiroshi Ruiz,hiroshi1729@example.com,Europe
1731,Lucas Tanaka,lucas1730@example.com,Europe
1732,Sophia Anderson,sophia1731@example.com,Europe
1733,Fatima Ivanov,fatima1732@example.com,Europe
1734,Lucas Rossi,lucas1733@example.com,Europe
1735,James Taylor,james1734@example.com,Europe
1736,Mason Jackson,mason1735@example.com,Europe
1737,Sophia Wilson,sophia1736@example.com,Europe
1738,Emma Smith,emma1737@example.com,Europe
1739,Liam Johnson,liam1738@example.com,Europe
1740,Emma Thompson,emma1739@example.com,Europe
1741,Noah Chen,noah1740@example.com,Europe
1742,Sophia Jackson,sophia1741@example.com,Europe
1743,Ethan Martinez,ethan1742@example.com,Europe
1744,Amelia Smith,amelia1743@example.com,Europe
1745,Emma Martinez,emma1744@example.com,Europe
1746,Hiroshi Smith,hiroshi1745@example.com,Europe
1747,James Ali,james1746@example.com,Europe
1748,James Thomas,james1747@example.com,Europe
1749,George Garcia,george1748@example.com,Europe
1750,James Harris,james1749@example.com,Europe
1751,Noah Harris,noah1750@example.com,Europe
1752,James Chen,james1751@example.com,Europe
1753,Ava Wilson,ava1752@example.com,Europe
1754,James Thomas,james1753@example.com,Europe
1755,Carlos White,carlos1754@example.com,Europe
1756,Lucas Martin,lucas1755@example.com,Europe
1757,Olivia Martinez,olivia1756@example.com,Europe
1758,James Jackson,james1757@example.com,Europe
1759,George Brown,george1758@example.com,Europe
1760,Amelia Johnson,amelia1759@example.com,Europe
1761,Lucas Thompson,lucas1760@example.com,Europe
1762,Diana Martin,diana1761@example.com,Europe
1763,Noah Anderson,noah1762@example.com,Europe
1764,Noah Thomas,noah1763@example.com,Europe
1765,Diana Martinez,diana1764@example.com,Europe
1766,Mason Ivanov,mason1765@example.com,Europe
1767,Diana Ivanov,diana1766@example.com,Europe
1768,Diana Wilson,diana1767@example.com,Europe
1769,Ava Ruiz,ava1768@example.com,Europe
1770,James Garcia,james1769@example.com,Europe
1771,Logan Jackson,logan1770@example.com,Europe
1772,Bob Ali,bob1771@example.com,Europe
1773,Emma Brown,emma1772@example.com,Europe
1774,Logan Chen,logan1773@example.com,Europe
1775,Noah Smith,noah1774@example.com,Europe
1776,Emma Ivanov,emma1775@example.com,Europe
1777,Lucas Thompson,lucas1776@example.com,Europe
1778,Ava Anderson,ava1777@example.com,Europe
1779,Isabella Wilson,isabella1778@example.com,Europe
1780,Olivia Anderson,olivia1779@example.com,Europe
1781,Sophia Ivanov,sophia1780@example.com,Europe
1782,Logan Taylor,logan1781@example.com,Europe
1783,Logan Martinez,logan1782@example.com,Europe
1784,Carlos Jackson,carlos1783@example.com,Europe
1785,Ethan Thompson,ethan1784@example.com,Europe
1786,Noah Tanaka,noah1785@example.com,Europe
1787,Bob Rossi,bob1786@example.com,Europe
1788,Carlos Anderson,carlos1787@example.com,Europe
1789,Diana Martinez,diana1788@example.com,Europe
1790,Liam Ruiz,liam1789@example.com,Europe
1791,Ethan Thomas,ethan1790@example.com,Europe
1792,James Ruiz,james1791@example.com,Europe
1793,Bob Garcia,bob1792@example.com,Europe
1794,Diana Harris,diana1793@example.com,Europe
1795,Hiroshi Ali,hiroshi1794@example.com,Europe
1796,Lucas Jackson,lucas1795@example.com,Europe
1797,Mason Rossi,mason1796@example.com,Europe
1798,Alice Ivanov,alice1797@example.com,Europe
1799,Mason Garcia,mason1798@example.com,Europe
1800,Carlos Smith,carlos1799@example.com,Europe
1801,Ava Thomas,ava1800@example.com,Europe
1802,Alice Harris,alice1801@example.com,Europe
1803,Isabella Martinez,isabella1802@example.com,Europe
1804,Fatima Chen,fatima1803@example.com,Europe
1805,Fatima Jackson,fatima1804@example.com,Europe
1806,Sophia Thompson,sophia1805@example.com,Europe
1807,Emma Taylor,emma1806@example.com,Europe
1808,Mason Smith,mason1807@example.com,Europe
1809,Bob Harris,bob1808@example.com,Europe
1810,Isabella Smith,isabella1809@example.com,Europe
1811,Bob Rossi,bob1810@example.com,Europe
1812,Isabella Johnson,isabella1811@example.com,Europe
1813,Lucas Chen,lucas1812@example.com,Europe
1814,Isabella Anderson,isabella1813@example.com,Europe
1815,George Martin,george1814@example.com,Europe
1816,Isabella Taylor,isabella1815@example.com,Europe
1817,Logan Martinez,logan1816@example.com,Europe
1818,Mason Chen,mason1817@example.com,Europe
1819,Mason Anderson,mason1818@example.com,Europe
1820,Amelia Thompson,amelia1819@example.com,Europe
1821,Sophia Martinez,sophia1820@example.com,Europe
1822,Hiroshi Ali,hiroshi1821@example.com,Europe
1823,James Harris,james1822@example.com,Europe
1824,James Thomas,james1823@example.com,Europe
1825,Olivia Thomas,olivia1824@example.com,Europe
1826,George Martin,george1825@example.com,Europe
1827,Isabella Thompson,isabella1826@example.com,Europe
1828,Noah Wilson,noah1827@example.com,Europe
1829,George White,george1828@example.com,Europe
1830,Logan Johnson,logan1829@example.com,Europe
1831,Mason Tanaka,mason1830@example.com,Europe
1832,Amelia Ali,amelia1831@example.com,Europe
1833,James Ivanov,james1832@example.com,Europe
1834,Lucas Garcia,lucas1833@example.com,Europe
1835,George Johnson,george1834@example.com,Europe
1836,Noah Chen,noah1835@example.com,Europe
1837,Hiroshi Garcia,hiroshi1836@example.com,Europe
1838,Alice Thompson,alice1837@example.com,Europe
1839,James Wilson,james1838@example.com,Europe
1840,Emma Harris,emma1839@example.com,Europe
1841,Bob Martinez,bob1840@example.com,Europe
1842,Alice Garcia,alice1841@example.com,Europe
1843,Amelia Ruiz,amelia1842@example.com,Europe
1844,Emma Ivanov,emma1843@example.com,Europe
1845,Olivia Rossi,olivia1844@example.com,Europe
1846,Alice Wilson,alice1845@example.com,Europe
1847,Amelia Tanaka,amelia1846@example.com,Europe
1848,Emma Ali,emma1847@example.com,Europe
1849,George Johnson,george1848@example.com,Europe
1850,Diana Thomas,diana1849@example.com,Europe
1851,Amelia White,amelia1850@example.com,Europe
1852,Liam Tanaka,liam1851@example.com,Europe
1853,Olivia Thomas,olivia1852@example.com,Europe
1854,Isabella Thomas,isabella1853@example.com,Europe
1855,Alice Garcia,alice1854@example.com,Europe
1856,Ava Johnson,ava1855@example.com,Europe
1857,Isabella Harris,isabella1856@example.com,Europe
1858,Ava Anderson,ava1857@example.com,Europe
1859,James Martin,james1858@example.com,Europe
1860,James Ruiz,james1859@example.com,Europe
1861,Emma Taylor,emma1860@example.com,Europe
1862,Mason Rossi,mason1861@example.com,Europe
1863,Logan Anderson,logan1862@example.com,Europe
1864,Liam Ivanov,liam1863@example.com,Europe
1865,Diana Jackson,diana1864@example.com,Europe
1866,Amelia Anderson,amelia1865@example.com,Europe
1867,Noah Tanaka,noah1866@example.com,Europe
1868,James Brown,james1867@example.com,Europe
1869,Lucas Wilson,lucas1868@example.com,Europe
1870,Sophia Ivanov,sophia1869@example.com,Europe
1871,Hiroshi Brown,hiroshi1870@example.com,Europe
1872,Bob Ali,bob1871@example.com,Europe
1873,Ethan Tanaka,ethan1872@example.com,Europe
1874,Emma Chen,emma1873@example.com,Europe
1875,Ava Anderson,ava1874@example.com,Europe
1876,Diana Brown,diana1875@example.com,Europe
1877,Ethan Thomas,ethan1876@example.com,Europe
1878,Diana Ruiz,diana1877@example.com,Europe
1879,Mason Chen,mason1878@example.com,Europe
1880,Carlos Anderson,carlos1879@example.com,Europe
1881,George Johnson,george1880@example.com,Europe
1882,Bob Johnson,bob1881@example.com,Europe
1883,Hiroshi Rossi,hiroshi1882@example.com,Europe
1884,James Johnson,james1883@example.com,Europe
1885,Carlos Chen,carlos1884@example.com,Europe
1886,Bob Chen,bob1885@example.com,Europe
1887,Carlos Chen,carlos1886@example.com,Europe
1888,Diana Anderson,diana1887@example.com,Europe
1889,Hiroshi Brown,hiroshi1888@example.com,Europe
1890,Hiroshi Garcia,hiroshi1889@example.com,Europe
1891,Mason Johnson,mason1890@example.com,Europe
1892,Amelia Brown,amelia1891@example.com,Europe
1893,James Rossi,james1892@example.com,Europe
1894,George Harris,george1893@example.com,Europe
1895,Amelia Anderson,amelia1894@example.com,Europe
1896,Bob Ali,bob1895@example.com,Europe
1897,Olivia Rossi,olivia1896@example.com,Europe
1898,Mason Garcia,mason1897@example.com,Europe
1899,Amelia Thomas,amelia1898@example.com,Europe
1900,Diana Smith,diana1899@example.com,Europe
1901,Liam Jackson,liam1900@example.com,Europe
1902,Fatima Harris,fatima1901@example.com,Europe
1903,Mason Thompson,mason1902@example.com,Europe
1904,Alice Taylor,alice1903@example.com,Europe
1905,George Anderson,george1904@example.com,Europe
1906,Olivia Chen,olivia1905@example.com,Europe
1907,Olivia Chen,olivia1906@example.com,Europe
1908,Logan Thomas,logan1907@example.com,Europe
1909,Fatima Johnson,fatima1908@example.com,Europe
1910,Emma Johnson,emma1909@example.com,Europe
1911,Olivia Thompson,olivia1910@example.com,Europe
1912,Sophia Anderson,sophia1911@example.com,Europe
1913,Emma Taylor,emma1912@example.com,Europe
1914,Liam Martinez,liam1913@example.com,Europe
1915,Mason Garcia,mason1914@example.com,Europe
1916,Ava Garcia,ava1915@example.com,Europe
1917,Mason Brown,mason1916@example.com,Europe
1918,Emma Ruiz,emma1917@example.com,Europe
1919,Olivia Tanaka,olivia1918@example.com,Europe
1920,Sophia Thompson,sophia1919@example.com,Europe
1921,Bob Harris,bob1920@example.com,Europe
1922,George Harris,george1921@example.com,Europe
1923,Ava Garcia,ava1922@example.com,Europe
1924,Olivia Johnson,olivia1923@example.com,Europe
1925,Isabella White,isabella1924@example.com,Europe
1926,Logan Taylor,logan1925@example.com,Europe
1927,Noah Chen,noah1926@example.com,Europe
1928,Sophia Taylor,sophia1927@example.com,Europe
1929,Alice Martin,alice1928@example.com,Europe
1930,Alice Thompson,alice1929@example.com,Europe
1931,Amelia Martin,amelia1930@example.com,Europe
1932,Liam Jackson,liam1931@example.com,Europe
1933,Isabella Harris,isabella1932@example.com,Europe
1934,Emma Rossi,emma1933@example.com,Europe
1935,George Jackson,george1934@example.com,Europe
1936,James Harris,james1935@example.com,Europe
1937,Olivia Martin,olivia1936@example.com,Europe
1938,Diana Wilson,diana1937@example.com,Europe
1939,James Ivanov,james1938@example.com,Europe
1940,Alice Martin,alice1939@example.com,Europe
1941,Carlos Johnson,carlos1940@example.com,Europe
1942,George Ruiz,george1941@example.com,Europe
1943,Olivia Garcia,olivia1942@example.com,Europe
1944,Liam Garcia,liam1943@example.com,Europe
1945,Isabella Ali,isabella1944@example.com,Europe
1946,Diana Ali,diana1945@example.com,Europe
1947,Mason Ruiz,mason1946@example.com,Europe
1948,Isabella Tanaka,isabella1947@example.com,Europe
1949,Ava Smith,ava1948@example.com,Europe
1950,James Garcia,james1949@example.com,Europe
1951,Ava Taylor,ava1950@example.com,Europe
1952,Logan Ivanov,logan1951@example.com,Europe
1953,Amelia Jackson,amelia1952@example.com,Europe
1954,Hiroshi Smith,hiroshi1953@example.com,Europe
1955,Bob Johnson,bob1954@example.com,Europe
1956,Lucas Martinez,lucas1955@example.com,Europe
1957,Hiroshi Tanaka,hiroshi1956@example.com,Europe
1958,Hiroshi Ivanov,hiroshi1957@example.com,Europe
1959,Isabella Wilson,isabella1958@example.com,Europe
1960,Amelia Martinez,amelia1959@example.com,Europe
1961,Carlos Martinez,carlos1960@example.com,Europe
1962,Amelia Brown,amelia1961@example.com,Europe
1963,Emma Harris,emma1962@example.com,Europe
1964,Lucas Taylor,lucas1963@example.com,Europe
1965,Amelia Brown,amelia1964@example.com,Europe
1966,Emma Harris,emma1965@example.com,Europe
1967,Isabella Ali,isabella1966@example.com,Europe
1968,Logan Martin,logan1967@example.com,Europe
1969,Alice Rossi,alice1968@example.com,Europe
1970,Hiroshi Wilson,hiroshi1969@example.com,Europe
1971,Isabella Ali,isabella1970@example.com,Europe
1972,Bob Johnson,bob1971@example.com,Europe
1973,Liam White,liam1972@example.com,Europe
1974,Liam Martin,liam1973@example.com,Europe
1975,Bob Tanaka,bob1974@example.com,Europe
1976,Alice Ali,alice1975@example.com,Europe
1977,Logan Tanaka,logan1976@example.com,Europe
1978,Carlos Ivanov,carlos1977@example.com,Europe
1979,Hiroshi Jackson,hiroshi1978@example.com,Europe
1980,Diana Harris,diana1979@example.com,Europe
1981,Logan Martinez,logan1980@example.com,Europe
1982,Lucas Tanaka,lucas1981@example.com,Europe
1983,Logan Harris,logan1982@example.com,Europe
1984,Sophia Jackson,sophia1983@example.com,Europe
1985,Mason Chen,mason1984@example.com,Europe
1986,James Ali,james1985@example.com,Europe
1987,Sophia Taylor,sophia1986@example.com,Europe
1988,Mason Martinez,mason1987@example.com,Europe
1989,Ethan Anderson,ethan1988@example.com,Europe
1990,Alice Wilson,alice1989@example.com,Europe
1991,Diana Harris,diana1990@example.com,Europe
1992,Carlos Ivanov,carlos1991@example.com,Europe
1993,Carlos Ivanov,carlos1992@example.com,Europe
1994,Alice Ivanov,alice1993@example.com,Europe
1995,Sophia Garcia,sophia1994@example.com,Europe
1996,Bob Johnson,bob1995@example.com,Europe
1997,Mason Johnson,mason1996@example.com,Europe
1998,George Ruiz,george1997@example.com,Europe
1999,Emma Rossi,emma1998@example.com,Europe
2000,Isabella Brown,isabella1999@example.com,Europe
